Dataset One,,,Dataset Two,,,Dataset Three,,,Dataset Four,,,Dataset Five,,,Dataset Six,,,Dataset Seven,
X,Y,,X,Y,,X,Y,,X,Y,,X,Y,,X,Y,,X,Y
-0.207511825,1.370180866,,-0.381481871,0.764268839,,-0.906656548,0.397565259,,-2.430343974,0.933628319,,0.044813609,0.627250096,,-6.023923844,-0.946313725,,-0.285663724,0.401086775
-0.188357811,1.226677772,,-0.340157984,0.732147977,,-0.814182678,0.471622234,,-2.388610145,0.427175516,,0.044003734,0.353917321,,-5.545545147,1.410697979,,-0.131912059,-3.722518321
-0.188661842,1.011423132,,-0.296988365,0.771779943,,-0.81325967,0.416818631,,-2.256614781,0.773045723,,0.043193859,0.080584546,,-5.665139822,-0.353323465,,0.056087608,-4.866547302
-0.195418109,0.796168491,,-0.281504726,0.827510792,,-0.733977124,0.532151372,,-2.262349874,0.612463127,,0.029425986,-4.566072625,,-5.759818939,-1.749840442,,-0.051757162,-5.499042305
-0.169372703,0.963588767,,-0.274839583,0.540422575,,-0.737803761,0.388378445,,-2.273378898,0.303650442,,0.054763501,-5.077161528,,-5.186761125,2.003688239,,0.328614257,1.343271153
-0.169609172,0.796168491,,-0.241616408,0.739582175,,-0.700883439,0.422111505,,-2.343347029,0.019542773,,0.040417145,-5.387806396,,-5.396051805,-1.083349289,,0.32278481,0.83610926
-0.163832564,0.317824845,,-0.24346214,0.667829347,,-0.665924509,0.572302222,,-2.207822377,0.464233038,,0.084613175,0.4658536,,-5.500697145,-2.626868053,,0.317684044,0.392342605
-0.164187268,0.066694431,,-0.259150861,0.604125961,,-0.664539997,0.490096817,,-2.096120417,0.241887906,,0.097108388,0.15173784,,-4.859536808,1.347993827,,0.311854597,-0.114819287
-0.158191082,-0.25618753,,-0.247973929,0.492433545,,-0.662232477,0.353087809,,-2.098767383,0.167772861,,0.083687604,-4.377776714,,-4.962521111,0.612154373,,0.336386853,-0.897179658
-0.158528895,-0.495359353,,-0.197626464,0.811104286,,-0.661078717,0.284583304,,-2.102296671,0.068952802,,0.082877729,-4.651109489,,-5.141913122,0.315659244,,0.276149234,-3.221185876
-0.144002923,0.652665397,,-0.20008744,0.715433849,,-0.644406884,0.407631816,,-2.04600453,-0.029867257,,0.109834993,-0.084282842,,-4.979131482,-0.416027617,,0.26449034,-4.23550966
-0.144813675,0.078653022,,-0.187269857,0.667521725,,-0.622773882,0.23611096,,-2.056151233,-0.313974926,,0.121751723,-0.593636298,,-5.151879345,-2.180879581,,0.47143571,-3.731262492
-0.145489302,-0.399690624,,-0.174862437,0.603664528,,-0.609909458,0.585224335,,-1.961478087,0.661873156,,0.111454743,-4.068867292,,-4.533973528,2.234157142,,0.360676216,-4.617338441
-0.132179457,-0.112684436,,-0.177323413,0.50799409,,-0.590122472,0.523310685,,-1.970301306,0.414823009,,0.108909422,-4.927913156,,-4.773162877,-1.293885747,,0.74541972,2.605346436
-0.132483489,-0.327939077,,-0.179374226,0.428268726,,-0.608063442,0.475617128,,-1.973830594,0.31600295,,0.137139346,-4.462813577,,-4.882791328,-2.910905404,,0.738861592,2.034789307
-0.133463148,-1.021537363,,-0.180604714,0.380433507,,-0.568258719,0.338088928,,-1.848011483,0.488938053,,0.176938912,-0.092960073,,-4.0854935,4.150163485,,0.730846103,1.337441706
-0.12032221,-0.854117087,,-0.183886016,0.252872924,,-0.54858711,0.283025728,,-1.863010957,0.068952802,,0.163055343,-0.247414784,,-4.254919288,1.651133106,,0.725016656,0.830279813
-0.12082893,-1.212874822,,-0.139383368,0.890522029,,-0.516974084,0.631879508,,-1.810248104,-0.128687316,,0.161898379,-0.637890176,,-4.29478418,1.063125957,,0.719187209,0.323117921
-0.106032707,0.126487387,,-0.11333804,0.810642853,,-0.515704948,0.556524553,,-1.814659713,-0.252212389,,0.174393591,-0.952005936,,-4.334649071,0.475118809,,0.708985676,-0.56441539
-0.106269176,-0.040932889,,-0.114568528,0.762807635,,-0.533992045,0.529382347,,-1.671194164,0.414823009,,0.170074258,-3.920197402,,-4.374513963,-0.112888339,,0.687853931,-2.402877249
-0.099935177,-0.124643027,,-0.105647491,0.563417318,,-0.480169138,0.672463018,,-1.678252739,0.217182891,,0.1644437,-4.310094313,,-4.414378854,-0.700895487,,0.7119004,-3.22750111
-0.100104083,-0.244228939,,-0.112415174,0.300323615,,-0.494187323,0.391854147,,-1.739838812,0.167772861,,0.198381314,-3.42906613,,-4.494108637,-1.876909784,,0.700241506,-4.241824895
-0.100796601,-0.734531176,,-0.116106638,0.156817959,,-0.474631089,0.343641398,,-1.686193637,-0.005162242,,0.216507085,-0.332451647,,-3.811422371,3.493638555,,0.688582612,-5.256148679
-0.074396491,-0.315980485,,-0.083191086,0.890214407,,-0.472323569,0.20663239,,-1.63607775,-0.276917404,,0.229233691,-0.568472329,,-3.856270374,2.832130513,,0.916659727,0.003227015
-0.081000741,-0.423607806,,-0.089753688,0.635093241,,-0.439787535,0.500682566,,-1.585961863,-0.548672566,,0.232087536,-1.11571636,,-3.896135266,2.244123365,,1.140364757,1.965564624
-0.074852539,-0.638862446,,-0.049660289,0.55513716,,-0.4543826,0.254325947,,-1.493494522,0.365412979,,0.22668837,-1.427518192,,-4.135324614,-1.283919524,,1.13453531,1.458402732
-0.082453338,-1.452046644,,-0.076013239,0.076861878,,-0.405751613,0.705676886,,-1.438967025,0.217182891,,0.218589621,-4.16084594,,-4.215054397,-2.45993382,,1.128705863,0.951240839
-0.067826022,-0.232270347,,-0.009361809,0.84728405,,-0.42288495,0.610030176,,-1.502317741,0.118362832,,0.247745117,-3.383366047,,-4.254919288,-3.047940969,,1.122876416,0.444078947
-0.069008368,-1.069371728,,-0.029869942,0.778291275,,-0.420115926,0.445619366,,-1.509376317,-0.079277286,,0.233861547,-3.537820758,,-4.284817957,-3.48894633,,1.10976016,-0.69703531
-0.055495836,-0.638862446,,-0.017872684,0.698489005,,-0.418500662,0.34971306,,-1.454407659,-0.215154867,,0.246009671,-3.969079136,,-3.563927837,1.661929847,,1.004830113,-1.075949367
-0.04951654,-0.973702999,,-0.029767401,0.236081891,,-0.414116374,0.089395945,,-1.346234987,-0.536320059,,0.281528469,-1.043984584,,-3.66691214,0.926090393,,1.090085776,-2.408706696
-0.049921916,-1.260709186,,-0.037150329,-0.050929421,,-0.381695716,0.390296571,,-1.410026865,-0.647492625,,0.280602898,-1.356364899,,-3.70179392,0.411584138,,1.111217522,-3.486911503
-0.029416649,-0.447524988,,-0.00628559,0.602741662,,-0.348813554,0.663795395,,-1.255973451,0.31600295,,0.266719328,-1.510819609,,-3.896135266,-0.105413672,,1.070411392,-4.120378081
-0.030159838,-0.973702999,,-0.00792624,0.53896137,,-0.342814001,0.307571974,,-1.278913822,-0.326327434,,0.27998585,-3.075035108,,-3.776540591,-0.690929264,,1.064581945,-4.627539973
-0.030565214,-1.260709186,,-0.018180306,0.140334548,,-0.339121969,0.088357561,,-1.234091867,-0.746312684,,0.306287502,-1.750311183,,-3.856270374,-1.866943561,,0.959651899,-5.006454031
-0.024248105,-1.356377915,,-0.02023112,0.060609183,,-0.293260006,0.70411931,,-1.139859882,0.217182891,,0.300965467,-3.546497989,,-3.128736106,4.16511282,,1.052923051,-5.641863757
-0.031038152,-1.595549738,,-0.025153071,-0.130731691,,-0.309470335,0.553668997,,-1.08753819,0.007190265,,0.339453807,-1.12959993,,-3.168600998,3.577105671,,1.35022485,-0.193273928
-0.031544872,-1.954307473,,0.044266957,0.92938494,,-0.28968335,0.491755347,,-1.083332455,-0.433382498,,0.330120963,-2.769018097,,-3.208465889,2.989098523,,1.544053964,2.08652565
-0.016849993,-0.686696811,,0.029501101,0.355362315,,-0.288414214,0.416400392,,-1.167211863,-0.548672566,,0.328963998,-3.159493489,,-3.24833078,2.401091375,,1.538224517,1.579363757
-0.017356713,-1.045454545,,0.019041954,-0.051237043,,-0.268511853,0.347636292,,-0.994806153,-0.746312684,,0.364907017,-1.601641293,,-3.497486352,-1.273953301,,1.53239507,1.072201865
-0.018302591,-1.71513565,,0.062109032,0.530604306,,-0.248840244,0.292573093,,-0.912926675,-0.128687316,,0.354879995,-3.475344696,,-3.577216134,-2.449967598,,1.526565623,0.565039973
-0.018403935,-1.786887197,,0.046215229,0.458928384,,-0.244455956,0.032255977,,-0.920867573,-0.351032448,,0.388431955,-1.214058311,,-3.617081026,-3.037974746,,1.490131579,-2.604721852
0.002726288,-0.531235126,,0.055341348,0.267510604,,-0.220573122,0.840089934,,-0.725962653,0.08130531,,0.38310992,-3.010245117,,-3.651962806,-3.552481,,1.484302132,-3.111883744
-0.004688714,-1.212874822,,0.039242464,0.187862145,,-0.21918861,0.757884529,,-0.79857775,-0.276917404,,0.41342238,-1.842289831,,-3.138702329,1.668573996,,1.478472685,-3.619045636
0.00151016,-1.392253689,,0.044266957,-0.163006365,,-0.233552923,0.497827009,,-0.745814897,-0.474557522,,0.412612505,-2.115622606,,-3.014124543,1.156559297,,1.472643238,-4.126207528
-0.005702154,-1.93039029,,0.087436575,0.969016905,,-0.232168411,0.415621604,,-0.807400969,-0.523967552,,0.411108451,-2.623240617,,-3.208465889,0.639561486,,1.466813791,-4.63336942
0.008790037,-0.806282723,,0.086206087,0.921181687,,-0.210073905,0.216698946,,-0.816224189,-0.771017699,,0.409257309,-3.248001245,,-3.133719218,-0.607462148,,1.460984344,-5.140531312
0.020647284,-1.547715374,,0.077592672,0.586335156,,-0.227322618,0.127902687,,-0.693052044,-0.67219764,,0.441536608,-1.416237792,,-3.218432112,-1.856977338,,1.357511659,-5.392654897
0.026964393,-1.643384103,,0.087539116,0.426807521,,-0.180999152,0.716262635,,-0.699228298,-0.845132743,,0.436793055,-3.017186902,,-2.540728958,3.440070107,,1.452968854,-5.837878914
0.040544488,-1.165040457,,0.085283221,0.339109621,,-0.173845839,0.291534709,,-0.546939528,0.068952802,,0.466989819,-1.888279155,,-2.580593849,2.852062959,,1.755371419,0.054477571
0.041738095,-1.842693955,,0.063236979,0.028257605,,-0.168423167,-0.030436461,,-0.492853192,-0.091629794,,0.465254373,-2.473992244,,-2.620458741,2.264055811,,1.713107928,-0.70577948
0.047942599,-0.495359353,,0.108559952,0.697796855,,-0.161327542,0.661199435,,-0.561056679,-0.326327434,,0.44951966,-3.253207583,,-2.806494901,-1.26315656,,1.539681879,-7.043845769
0.053330722,-1.248750595,,0.111123468,0.251257909,,-0.141309805,0.585584885,,-0.505646861,-0.449852507,,0.495104047,-1.462227116,,-2.939377872,-2.440001375,,1.950657895,2.461067622
0.067130395,-0.614945264,,0.108867574,0.163560008,,-0.140040669,0.51022993,,-0.508293826,-0.523967552,,0.49047619,-3.024128686,,-2.979242763,-3.028008523,,1.943371086,1.827115256
0.060239004,-0.925868634,,0.102715134,-0.075616086,,-0.137387021,0.352669571,,-0.576938475,-0.771017699,,0.525493638,-1.778656805,,-3.019107655,-3.616015671,,1.937541639,1.319953364
0.072940784,-1.069371728,,0.157676929,0.968632378,,-0.135079501,0.215660562,,-0.502470501,-0.919247788,,0.518011937,-2.793314343,,-3.078904992,-4.498026393,,1.93025483,0.686000999
0.07206247,-1.691218467,,0.134195117,0.601972607,,-0.134271869,0.167707409,,-0.393944901,-0.67219764,,0.546704647,-2.172024607,,-2.181944935,4.033060367,,1.889448701,-2.864132245
0.092837988,-0.686696811,,0.144961887,0.474335118,,-0.15071295,0.030957997,,-0.315594711,-0.15339233,,0.530507149,-3.107430103,,-2.490897844,1.825542005,,1.883619254,-3.371294137
0.085439877,-1.356377915,,0.120249587,0.059840128,,-0.107389259,0.797429656,,-0.260184893,-0.276917404,,0.543002362,-3.421545864,,-2.401201838,0.799021052,,1.778689207,-3.750208195
0.091689423,-1.499881009,,0.118198774,-0.019885236,,-0.100928203,0.413804432,,-0.324417931,-0.400442478,,0.575513054,-1.511687332,,-1.798245356,4.993555094,,1.873417722,-4.258827448
0.099628036,-0.447524988,,0.164752234,0.697489233,,-0.098966811,0.297346775,,-0.269008112,-0.523967552,,0.561513788,-1.705189583,,-1.849737507,3.450866849,,1.867588274,-4.76598934
0.098614596,-1.165040457,,0.171007215,0.394455943,,-0.095390154,0.084982812,,-0.132601138,-0.054572271,,0.572389251,-2.565970892,,-2.09224893,3.006539413,,1.861758827,-5.273151233
0.097938969,-1.643384103,,0.155728656,0.34669763,,-0.111369731,-0.079168402,,-0.153335704,-0.635140118,,0.558042895,-2.87661576,,-1.982620478,2.274022034,,1.85592938,-5.780313125
0.121518338,-0.176463589,,0.15326768,0.251027192,,-0.071738073,0.90651767,,-0.018252212,-0.20280236,,0.60756096,-1.268435625,,-2.381269392,-1.256512411,,2.124083944,0.049133911
0.131821644,-0.495359353,,0.163795188,-0.067976806,,-0.085640882,0.619058349,,-0.080720607,-0.276917404,,0.601081961,-1.944681157,,-2.411168061,-1.697517772,,2.118254497,-0.458027981
0.124997815,-0.758448358,,0.200641466,1.000291807,,-0.065853897,0.557144699,,-0.04428071,-0.931600295,,0.601930401,-3.168749202,,-2.291573387,-2.283033365,,2.11242505,-0.965189873
0.145367958,-0.040932889,,0.203615145,0.569697934,,-0.078026065,0.166928621,,0.089479298,-0.536320059,,0.596338408,-3.545630266,,-2.341404501,-3.0180423,,2.053401899,-6.100204031
0.138645473,-0.232270347,,0.187926424,0.505994547,,-0.074795537,-0.02488399,,0.008923304,-1.116887906,,0.627460743,-2.104342206,,-2.381269392,-3.606049448,,2.253789141,2.583486009
0.136990188,-1.40421228,,0.189669615,0.027565455,,-0.049528192,0.700744562,,0.162094395,-0.178097345,,0.612420209,-2.649272309,,-2.416151172,-4.120555703,,2.341230846,1.44091439
0.157225205,-0.78236554,,0.241145027,0.936280799,,-0.024549286,0.330560643,,0.156800464,-0.326327434,,0.644352419,-0.934651475,,-1.471021039,4.337860682,,2.335401399,0.933752498
0.150637845,-0.878034269,,0.234172262,0.66521456,,-0.042374879,0.276016636,,0.212210282,-0.449852507,,0.656616239,-1.326862313,,-2.088926855,-4.776250115,,2.329571952,0.426590606
0.150232469,-1.165040457,,0.228019822,0.426038467,,-0.020857254,0.11134623,,0.206034029,-0.622787611,,0.65175699,-2.966858962,,-1.265052433,3.460002553,,2.290951865,-2.933356929
0.164758442,-0.017015707,,0.226379172,0.362258175,,-0.016472966,-0.148970886,,0.142683312,-0.72160767,,0.637642027,-3.199408751,,-1.46437689,2.869503849,,2.284393738,-3.503914057
0.164420628,-0.25618753,,0.208639637,0.218829424,,-0.01549227,0.905738882,,0.19324036,-0.981010324,,0.650252936,-3.474476972,,-1.524174227,1.987493127,,2.27856429,-4.011075949
0.178203411,0.36565921,,0.218586082,0.05930179,,-0.014107758,0.823533477,,0.284384218,-0.103982301,,0.682647932,-1.60366598,,-1.793262244,-1.981555124,,2.272734843,-4.518237841
0.177798035,0.078653022,,0.200436384,-0.100072034,,-0.012723245,0.741328072,,0.315530183,-0.90689528,,0.681722361,-1.916046295,,-1.683633793,-2.714072503,,2.266905396,-5.025399734
0.183608424,-0.375773441,,0.245759357,0.569467217,,0.007525244,0.652012621,,0.396086178,-0.326327434,,0.666103345,-2.656214094,,-1.723498684,-3.302079651,,2.262533311,-5.405771153
0.18349019,-0.459483579,,0.235505291,0.170840395,,-0.010184973,0.590618163,,0.47173058,-0.441617502,,0.71569854,-1.022002266,,-1.763363576,-3.890086799,,2.550362258,2.135347268
0.197256082,0.150404569,,0.292620439,0.752604839,,0.009255884,0.549255865,,0.378439739,-0.820427729,,0.697109983,-1.253973573,,-0.866403519,4.640999961,,2.557406174,-0.168498779
0.190229565,-0.25618753,,0.290774707,0.680852011,,0.012024908,0.384845055,,0.371381163,-1.018067847,,0.704977339,-3.129990904,,-0.906268411,4.052992813,,2.516114257,-0.844228847
0.211568106,-0.375773441,,0.285647674,0.4815386,,-0.002800909,0.152189336,,0.584373683,-0.079277286,,0.703820375,-3.520466296,,-1.479326224,-4.399609943,,2.355804464,-6.041180879
0.202863783,-0.447524988,,0.268113221,0.346082386,,0.018255212,0.014920732,,0.519258323,-0.227507375,,0.736678157,-1.493465147,,-1.683633793,-5.06360954,,2.747106096,1.752061126
0.202424626,-0.758448358,,0.32686902,0.991627121,,0.048137598,0.466531268,,0.503376528,-0.67219764,,0.735983978,-1.727750383,,-0.517585719,5.086988433,,2.739090606,1.054713524
0.223031237,0.126487387,,0.325433451,0.935819366,,0.058579127,0.959504101,,0.547757322,-1.104535398,,0.769844461,-0.872753894,,-0.574060982,3.470799294,,2.733261159,0.547551632
0.216072283,-0.232270347,,0.309334567,0.856170907,,0.079173744,0.849637299,,0.692546355,-0.400442478,,0.764213903,-1.262650804,,-1.032507233,-3.29128291,,2.69245503,-3.002581612
0.215565563,-0.591028082,,0.312308246,0.425577034,,0.080096752,0.794833695,,0.676223399,-0.857485251,,0.758197689,-3.293122846,,-1.135491536,-4.027122364,,2.686625583,-3.509743504
0.230632037,0.939671585,,0.308616783,0.282071377,,0.081135136,0.733179642,,0.822777075,-0.103982301,,0.761051534,-3.840366877,,-0.195344514,4.357793128,,2.680796136,-4.016905396
0.230226661,0.652665397,,0.313641275,-0.068797132,,0.063194167,0.685486085,,0.818806627,-0.215154867,,0.742462977,-4.072338185,,0.00564098,3.406434105,,2.674966689,-4.524067288
0.22995641,0.461327939,,0.363476037,0.776137921,,0.082865776,0.630422885,,0.789248841,-1.042772861,,0.819979574,-0.566736882,,-0.427889714,-2.988143631,,2.669137242,-5.031229181
0.235108063,-0.459483579,,0.380155984,0.696310016,,0.087596193,0.349554418,,0.875539928,-0.301622419,,0.819169699,-0.840069657,,-0.467754605,-3.57615078,,2.664036476,-5.474995836
0.248857065,0.138445978,,0.358554085,0.584797046,,0.090826721,0.157741807,,0.871128319,-0.425147493,,0.804244861,-1.345952221,,-0.507619496,-4.164157928,,2.928547635,0.037475017
0.248147657,-0.36381485,,0.357323597,0.536961827,,0.075193272,-0.026960758,,1.061180468,-0.128687316,,0.797997255,-3.454519341,,0.502291086,5.249770073,,2.922718188,-0.469686875
0.263095896,1.083174679,,0.355682946,0.473181536,,0.101191332,-0.086677457,,1.058533502,-0.20280236,,0.81473467,-3.847308662,,0.399306783,4.513930619,,2.897943038,-2.625124917
0.255089721,-0.017015707,,0.354042296,0.409401244,,0.077500792,-0.163969767,,1.040004741,-0.72160767,,0.79591472,-4.157375048,,0.359441892,3.925923471,,2.861508994,-5.794886742
0.275088268,0.437410757,,0.360707439,0.122313027,,0.103921898,0.493154281,,0.973124737,-0.919247788,,0.808409932,-4.471490808,,0.346153594,2.946742076,,3.046593937,1.557503331
0.26853469,0.36565921,,0.357426138,-0.005247557,,0.105537162,0.397247975,,1.027652233,-1.067477876,,0.831780608,-1.115137878,,-0.175412068,-4.746351446,,3.141322452,1.048884077
0.282418817,1.059257496,,0.411157444,0.991165688,,0.129708435,0.07501721,,1.103355457,-0.622787611,,0.873662709,-0.573678667,,-0.417923491,-5.190678881,,3.11508994,-1.233344437
0.282283692,0.963588767,,0.394545857,0.345390236,,0.152783637,0.93080432,,1.155235988,-0.845132743,,0.859316354,-0.884323535,,0.150151212,-3.860188131,,3.113632578,-4.276801577
0.280560844,-0.25618753,,0.378036811,0.249796704,,0.153822021,0.869150266,,1.232703856,-0.351032448,,0.863712818,-3.931767043,,1.120196902,4.965732722,,2.973725849,-4.78202032
0.295627318,1.274512137,,0.390444231,0.185939507,,0.135881052,0.821456709,,1.289878319,-0.425147493,,0.86267155,-4.283194897,,1.0172126,4.229893268,,3.068454364,-5.290639574
0.29441119,0.413493574,,0.373114859,0.058455829,,0.159360069,0.540328646,,1.226527602,-0.523967552,,0.861630282,-4.63462275,,0.827854366,3.786396351,,3.336608927,0.538807462
0.294208502,0.269990481,,0.42294962,0.903390882,,0.145572636,0.246018874,,1.279290455,-0.72160767,,0.901429848,-0.264769245,,0.797955697,3.34539099,,3.331508161,0.095040806
0.294073376,0.174321752,,0.421719132,0.855555663,,0.167897893,0.033395315,,1.269584914,-0.993362832,,0.934596153,0.355942008,,0.48235864,-4.442381649,,3.16464024,-5.672468354
0.308430442,1.20276059,,0.433921471,0.78372593,,0.150418428,-0.041700043,,1.418344395,-0.178097345,,0.929081291,0.005092637,,0.384357449,-5.104720209,,3.442996336,1.044511992
0.314561754,0.975547358,,0.414336205,0.568544351,,0.174532014,0.752433013,,1.356758323,-0.227507375,,0.92780863,-0.424430295,,0.797955697,-3.703220121,,3.495461359,-3.141030979
0.307923722,0.844002856,,0.402441488,0.106137237,,0.195818887,0.601463508,,1.468460282,-0.449852507,,0.903280991,-4.171258617,,1.724814422,5.268872,,3.384701865,-4.027106929
0.3132105,0.018860067,,0.398750024,-0.037368419,,0.179147054,0.478414996,,1.525634745,-0.523967552,,0.915660507,-4.524421917,,1.684949531,4.680864852,,3.38032978,-4.407478348
0.321436254,1.274512137,,0.465914158,0.935050311,,0.200549303,0.320595041,,1.459637063,-0.696902655,,0.914503543,-4.914897309,,1.645084639,4.092857704,,3.37158561,-5.168221186
0.321132222,1.059257496,,0.460992206,0.743709436,,0.207125736,-0.069880633,,1.654541983,-0.264564897,,0.984384176,0.544816402,,1.600236636,3.431349662,,3.734468688,0.152606596
0.334881224,1.657187054,,0.484474017,1.110369208,,0.229162553,0.847560531,,1.632042773,-0.894542773,,0.969922124,0.195123995,,1.120196902,-4.432415426,,4.03468521,0.021444037
0.333124595,0.413493574,,0.482833367,1.046588916,,0.215952,0.518998507,,1.627190002,-1.030420354,,0.968996553,-0.117256319,,1.022195711,-5.094753986,,4.547676549,0.90169054
0.332651656,0.078653022,,0.491344242,0.831253526,,0.236085114,0.436533506,,1.723627792,-0.005162242,,0.968418071,-4.843744016,,1.445760182,-3.546252111,,4.541118421,0.331133411
0.347110066,1.178843408,,0.472989463,0.663907167,,0.240123274,0.196767741,,1.771096713,-0.351032448,,0.954187412,-5.115341344,,2.352686462,5.131836436,,4.419428714,-1.505871086
0.352903564,0.712458353,,0.469297999,0.52040151,,0.254141459,0.477376612,,1.823859566,-0.548672566,,0.953493234,-5.34962658,,2.31282157,4.543829288,,4.737133578,-0.115547968
0.345792594,0.246073298,,0.462735397,0.265280344,,0.274389948,0.388061161,,1.807095449,-1.018067847,,,,,2.27793979,4.029323033,,4.592854763,-3.917804797
0.360892849,1.800690148,,0.461094747,0.201500053,,0.278543484,0.141444946,,2.023617257,0.019542773,,,,,2.093564668,3.65932701,,4.686125916,-4.553214524
0.360555036,1.561518325,,0.457403283,0.057994396,,0.285408357,0.846781743,,1.958501896,-0.128687316,,,,,1.724814422,-4.129276148,,4.68102515,-4.996981179
0.367840543,0.628748215,,0.454942307,-0.037676041,,0.286792869,0.764576338,,2.005970818,-0.474557522,,,,,1.694915754,-4.570281509,,4.671552298,-5.821119254
0.379506362,1.274512137,,0.503136418,0.74347872,,0.307733614,0.634158184,,1.939090813,-0.67219764,,,,,2.13841267,-2.727776059,,4.96302465,2.03697535
0.372986565,1.226677772,,0.499444954,0.599973064,,0.308656622,0.57935458,,1.992735988,-0.845132743,,,,,2.083598445,-3.536285888,,4.957195203,1.529813458
0.385722127,1.107091861,,0.508365992,0.400582747,,0.314079294,0.257383411,,2.131348767,-0.313974926,,,,,3.000490947,5.288804446,,4.951365756,1.022651566
0.385147845,0.700499762,,0.487140075,0.121620877,,0.296022949,0.216540304,,2.048145807,-0.968657817,,,,,2.960626056,4.700797298,,4.942621586,0.261908728
0.399572473,1.776772965,,0.534103698,0.854940419,,0.349384352,0.387022777,,2.257167878,-0.141039823,,,,,2.920761164,4.11279015,,4.898900733,-3.541805463
0.405889582,1.681104236,,0.543845061,0.687440248,,0.334212408,0.17491841,,2.178376528,-0.67219764,,,,,2.880896273,3.524783001,,5.139365423,-0.121377415
0.397579374,0.36565921,,0.539948515,0.535962056,,0.335135416,0.120114807,,2.320077434,-0.054572271,,,,,2.362652684,-4.119309925,,5.087629081,-4.622439207
0.412037784,1.465849595,,0.516876867,0.185247358,,0.355037777,0.051350706,,2.368428677,-0.375737463,,,,,2.327770905,-4.63381618,,5.355054963,1.143612592
0.418219768,1.274512137,,0.527233473,0.041664796,,0.380997378,0.735876556,,2.290078487,-0.894542773,,,,,2.272956679,-5.442326008,,5.349225516,0.6364507
0.411260813,0.915754403,,0.583220675,1.125775942,,0.381689634,0.694773853,,2.447661188,0.167772861,,,,,3.169916735,3.088760752,,5.343396069,0.129288807
0.42436797,1.059257496,,0.57788856,0.918489994,,0.363864041,0.640229846,,2.503512168,0.056600295,,,,,2.814454787,-2.937481999,,5.33538058,-0.568058794
0.424266626,0.98750595,,0.550715285,0.408324567,,0.365017801,0.571725342,,2.496012432,-0.15339233,,,,,2.711470484,-3.673321452,,5.206404064,-3.039015656
0.423422093,0.389576392,,0.547433984,0.280763984,,0.370094346,0.270305524,,2.423838496,-0.499262537,,,,,2.552010919,-6.025350045,,5.301132578,-3.54763491
0.438252097,1.752855783,,0.557790591,0.137181422,,0.389996707,0.201541423,,2.631537084,0.291297935,,,,,3.628362987,5.151768882,,5.296031812,-3.991401566
0.443521984,0.915754403,,0.594397607,1.014083526,,0.422301989,0.5092925,,2.547892962,-0.375737463,,,,,3.588498095,4.563761734,,5.171427382,-6.081987009
0.436698156,0.652665397,,0.62126326,0.966094497,,0.404822524,0.434197142,,2.532893489,-0.795722714,,,,,3.548633204,3.975754585,,5.567101099,2.091626416
0.443015264,0.556996668,,0.618392122,0.854478986,,0.428878421,0.118816826,,2.742356721,0.044247788,,,,,3.35927497,3.532257669,,5.490589607,-4.564873418
0.451561941,2.03986197,,0.628133484,0.686978815,,0.411745084,0.023170117,,2.678123683,-0.079277286,,,,,3.03371169,-4.402516758,,5.48476016,-5.07203531
0.458779886,1.059257496,,0.626287753,0.615225987,,0.43701243,0.748798669,,2.730004214,-0.301622419,,,,,2.94069361,-4.991354424,,5.480388075,-5.452406729
0.464365066,1.968110424,,0.621365801,0.423885113,,0.437704686,0.707695966,,2.810119048,0.26659292,,,,,3.638329209,2.949233632,,5.755829447,1.010992672
0.468857983,0.580913851,,0.650589889,1.013775904,,0.457260919,0.659483217,,2.80658976,0.167772861,,,,,3.409106084,-2.781344507,,5.75,0.503830779
0.483316392,1.681104236,,0.651717837,0.511429203,,0.444165742,0.324070743,,2.847882427,-0.351032448,,,,,3.35927497,-3.516353443,,5.744170553,-0.003331113
0.476627689,1.51368396,,0.646795885,0.320088328,,0.448319278,0.077454528,,3.003641663,0.101892822,,,,,4.246268803,4.867731531,,5.738341106,-0.510493005
0.489059219,1.178843408,,0.629261432,0.184632114,,0.478201664,0.529065063,,2.975025021,-0.141039823,,,,,4.206403912,4.279724382,,5.73324034,-0.95425966
0.495173639,0.939671585,,0.625980131,0.057071531,,0.49971929,0.364394657,,2.903292246,-0.474557522,,,,,4.16653902,3.691717234,,5.715751999,-2.475745336
0.509817846,2.171406473,,0.694169671,1.069352943,,0.502372938,0.206834298,,3.118931732,0.538348083,,,,,4.136640352,3.250711873,,5.709193871,-3.046302465
0.501760999,1.035340314,,0.670072615,0.678775562,,0.540908524,0.144661052,,3.110932013,-0.243977384,,,,,3.694804472,-4.049546365,,5.703364424,-3.553464357
0.514935718,1.226677772,,0.668021802,0.599050198,,0.522852179,0.103817946,,3.162871365,0.093657817,,,,,3.593481207,-4.760885521,,5.697534977,-4.060626249
0.520931904,0.903795812,,0.66309985,0.407709323,,0.569406398,0.678476992,,3.146107248,-0.375737463,,,,,3.409106084,-5.130881544,,5.970061626,2.149192205
0.520442075,0.556996668,,0.702270383,0.83807248,,0.57425219,0.390758075,,3.29927834,0.563053097,,,,,4.111724795,-1.815866669,,5.962774817,1.51523984
0.528752282,1.872441694,,0.708115201,0.519094117,,0.57655971,0.253749067,,3.354688158,0.439528024,,,,,4.056910569,-2.624376497,,5.926340773,-4.571188652
0.533633685,0.760292718,,0.746875571,0.933512201,,0.590462519,0.541208388,,3.344982617,0.167772861,,,,,4.017045678,-3.212383646,,5.885534644,-5.20465523
0.533414106,0.604831033,,0.741953619,0.742171327,,0.626575209,0.622894601,,3.338365202,-0.017514749,,,,,4.854208397,4.436692392,,5.782061959,-5.456778814
0.547095545,1.154926226,,0.72667506,0.694413013,,0.650861859,0.293813385,,3.271044037,-0.227507375,,,,,4.814343506,3.848685244,,5.908852432,-6.092674328
0.540406842,0.98750595,,0.716831157,0.311731264,,0.66499542,0.567571806,,3.488095238,0.26659292,,,,,4.774478614,3.260678096,,5.770403065,-6.471102598
0.559425731,0.748334127,,0.714370181,0.216060827,,0.66614918,0.499067301,,3.401274758,0.068952802,,,,,4.744579946,2.819672735,,6.158061292,1.005163225
0.55280459,0.628748215,,0.771280248,0.789852734,,0.685705413,0.450854553,,3.384510641,-0.400442478,,,,,4.35257518,-3.745576568,,6.152231845,0.498001332
0.566283341,1.035340314,,0.765948134,0.582566787,,0.6684567,0.362058293,,3.60191477,0.661873156,,,,,4.241285692,-4.603917511,,6.146402398,-0.00916056
0.586687265,1.776772965,,0.757949962,0.271637865,,0.708492174,0.210829192,,3.511212073,-0.20280236,,,,,4.046944346,-5.120915321,,6.141301632,-0.452927215
0.579559404,1.298429319,,0.739185021,0.088346432,,0.761276697,0.415563916,,3.567945375,-0.289269912,,,,,5.018651074,2.163147804,,6.134743504,-1.023484344
0.584711057,0.377617801,,0.783687668,0.725995537,,0.744604864,0.292515405,,3.707881637,0.278945428,,,,,4.983769294,1.64864155,,6.115797801,-2.671760493
0.612090826,1.489766778,,0.782047018,0.662215246,,0.815445733,0.538093236,,3.645854404,0.217182891,,,,,4.714681277,-2.3204067,,6.109239674,-3.242317622
0.605469685,1.370180866,,0.784200372,0.199731226,,0.817291749,0.428486029,,3.633501896,-0.128687316,,,,,4.674816386,-2.908413849,,6.102681546,-3.81287475
0.604794058,0.89183722,,0.806041533,0.502610706,,0.819599269,0.291477021,,3.78755531,0.83480826,,,,,5.545199848,4.447489134,,6.372293471,2.143362758
0.604658933,0.796168491,,0.831266535,0.390841384,,0.853865943,0.482770441,,3.779614412,0.612463127,,,,,5.442215545,3.71164968,,6.365006662,1.509410393
0.610992932,0.712458353,,0.830036047,0.343006166,,0.874922064,0.345501836,,3.775202802,0.488938053,,,,,5.402350654,3.123642532,,6.297968021,-4.322951366
0.604185994,0.461327939,,0.842443467,0.279148969,,1.005700768,0.371086466,,3.887787084,0.291297935,,,,,5.362485763,2.535635384,,6.292138574,-4.830113258
0.618678185,1.585435507,,0.866745604,0.677698886,,,,,3.878081542,0.019542773,,,,,5.242891088,0.771613939,,6.286309127,-5.33727515
0.623306228,0.293907663,,0.865515116,0.629863667,,,,,3.873669933,-0.103982301,,,,,5.0734653,-1.727416441,,6.281208361,-5.781041805
0.637882872,1.477808187,,0.862643978,0.518248157,,,,,,,,,,,4.953870626,-3.491437885,,6.174092272,-6.350141572
0.630298963,0.67658258,,0.860593165,0.438522792,,,,,,,,,,,4.754546169,-4.081936589,,6.581424883,2.837795636
0.629623336,0.198238934,,0.896584937,0.199115982,,,,,,,,,,,5.611641334,1.511605986,,6.560293138,0.999333777
0.629521992,0.126487387,,0.881306378,0.151357669,,,,,,,,,,,5.531911551,0.335591689,,6.554463691,0.492171885
0.650905575,1.561518325,,0.913504146,0.310654587,,,,,,,,,,,5.452181768,-0.840422607,,6.548634244,-0.014990007
0.650094823,0.98750595,,0.953187382,0.214753433,,,,,,,,,,,5.35251954,-2.310440478,,6.542804797,-0.522151899
0.656884871,1.226677772,,0.97297773,0.437907548,,,,,,,,,,,5.312654648,-2.898447626,,6.53697535,-1.029313791
0.662864166,0.89183722,,0.984974987,0.358105278,,,,,,,,,,,5.970425356,4.454133282,,6.531145903,-1.536475683
0.675920651,0.999464541,,1.02260741,0.18247876,,,,,,,,,,,6.050155139,3.280610542,,6.553006329,-2.551285254
0.668235398,0.126487387,,,,,,,,,,,,,,6.010290248,2.692603393,,6.510742838,-3.311542305
0.688031258,0.437410757,,,,,,,,,,,,,,5.970425356,2.104596245,,6.504913391,-3.818704197
0.687913023,0.353700619,,,,,,,,,,,,,,5.943848762,0.929412467,,6.771610593,1.883952365
0.695598276,1.226677772,,,,,,,,,,,,,,5.820932014,-0.10043056,,6.765781146,1.376790473
0.695328025,1.035340314,,,,,,,,,,,,,,5.764456751,-1.716619699,,6.700199867,-4.328780813
0.695125337,0.89183722,,,,,,,,,,,,,,5.581742665,-3.62847345,,6.69437042,-4.835942705
0.694855086,0.700499762,,,,,,,,,,,,,,5.546860885,-4.142979704,,6.688540973,-5.343104597
0.707421742,0.461327939,,,,,,,,,,,,,,5.362485763,-4.512975728,,6.682711526,-5.850266489
0.713569944,0.246073298,,,,,,,,,,,,,,6.408939162,3.873600801,,6.677610759,-6.294033145
0.713417928,0.138445978,,,,,,,,,,,,,,6.090020031,-0.830456384,,6.882370087,2.770028314
0.706475864,-0.208353165,,,,,,,,,,,,,,6.023578545,-2.59364731,,6.95961026,0.739923384
0.721069399,0.98750595,,,,,,,,,,,,,,5.781067122,-3.037974746,,6.953780813,0.232761492
0.726592647,0.329783436,,,,,,,,,,,,,,6.767723184,4.466591061,,6.947951366,-0.2744004
0.732791521,0.150404569,,,,,,,,,,,,,,6.687993402,3.290576764,,6.841563957,-0.78010493
0.732622614,0.030818658,,,,,,,,,,,,,,6.64812851,2.702569616,,6.930463025,-1.795886076
0.75333057,0.98750595,,,,,,,,,,,,,,6.608263619,2.114562468,,6.819703531,-2.681962025
0.745223051,-0.184435983,,,,,,,,,,,,,,6.568398727,1.52655532,,6.946494004,-3.317857539
0.751455706,-0.339897668,,,,,,,,,,,,,,6.528533836,0.938548172,,6.905687875,-3.951324117
0.759647679,0.89183722,,,,,,,,,,,,,,6.488668945,0.350541024,,7.170927715,1.624541972
0.759174741,0.556996668,,,,,,,,,,,,,,6.453787165,-0.163965231,,7.165098268,1.11738008
0.771876521,0.413493574,,,,,,,,,,,,,,6.405617088,-1.657652881,,7.137408394,-1.291638907
0.77109955,-0.136601618,,,,,,,,,,,,,,6.204631593,-3.839009907,,7.133036309,-4.588676993
0.770187454,-0.78236554,,,,,,,,,,,,,,7.036811201,3.736565237,,7.09223018,-5.222143571
0.791537256,0.628748215,,,,,,,,,,,,,,6.727858293,-0.820490161,,6.987300133,-5.601057628
0.784240488,0.030818658,,,,,,,,,,,,,,6.608263619,-2.584511606,,7.082757328,-6.046281646
0.803022908,-0.375773441,,,,,,,,,,,,,,6.418905385,-3.028008523,,7.360384744,0.607303464
0.796300423,-0.5671109,,,,,,,,,,,,,,7.359052407,3.007369932,,7.351640573,-0.153439374
0.8167888,0.234114707,,,,,,,,,,,,,,7.246101881,2.124528691,,7.243795803,-0.785934377
0.810252113,0.174321752,,,,,,,,,,,,,,7.20623699,1.536521543,,7.334880913,-1.611529813
0.822953893,0.030818658,,,,,,,,,,,,,,7.166372099,0.948514395,,7.318121252,-3.069620253
0.822379611,-0.375773441,,,,,,,,,,,,,,7.126507207,0.360507246,,7.308648401,-3.893758328
0.821467515,-1.021537363,,,,,,,,,,,,,,7.086642316,-0.227499902,,7.574616922,1.745502998
0.836128612,0.222156116,,,,,,,,,,,,,,7.006912533,-1.403514198,,7.568787475,1.238341106
0.835148954,-0.47144217,,,,,,,,,,,,,,6.972030753,-1.918020453,,7.501748834,-4.594020653
0.83403417,-1.260709186,,,,,,,,,,,,,,7.355730333,-0.957525726,,7.495919387,-5.101182545
0.854944814,-0.160518801,,,,,,,,,,,,,,7.256068104,-2.427543596,,7.491547302,-5.481553964
0.854252296,-0.650821038,,,,,,,,,,,,,,7.774311692,2.867012293,,7.764073951,0.72826449
0.85410028,-0.758448358,,,,,,,,,,,,,,7.864007698,1.84049134,,7.657686542,0.22255996
0.846769732,-1.380295098,,,,,,,,,,,,,,7.824142807,1.252484192,,7.753872418,-0.159268821
0.861228141,-0.280104712,,,,,,,,,,,,,,7.774311692,0.517475256,,7.729825949,-2.251311626
0.879774092,-0.854117087,,,,,,,,,,,,,,7.734446801,-0.070531892,,7.713066289,-3.709402065
0.879655857,-0.937827225,,,,,,,,,,,,,,7.475325007,-1.543041318,,7.707236842,-4.216563957
0.885010198,-1.71513565,,,,,,,,,,,,,,8.003534818,-0.800557716,,7.578989007,-6.624125583
0.906461343,-0.232270347,,,,,,,,,,,,,,8.495201812,0.969277359,,7.969561959,1.105721186
0.897779541,-1.810804379,,,,,,,,,,,,,,8.397200621,0.306938799,,7.920011659,-3.205154897
0.912677108,-0.399690624,,,,,,,,,,,,,,8.212825498,-0.063057225,,7.799050633,-4.978764157
0.912237951,-0.710613993,,,,,,,,,,,,,,8.820765092,1.855440674,,8.194481457,0.257050855
0.912136607,-0.78236554,,,,,,,,,,,,,,8.92042732,0.975921507,,8.126228348,-2.764302965
0.918386153,-0.925868634,,,,,,,,,,,,,,,,,8.112383411,-3.968812458
0.911663668,-1.117206092,,,,,,,,,,,,,,,,,8.007453364,-4.347726516
0.925851827,-0.208353165,,,,,,,,,,,,,,,,,8.092709027,-5.680483844
0.925446451,-0.495359353,,,,,,,,,,,,,,,,,8.275607928,1.48172052
0.93022651,-1.679259876,,,,,,,,,,,,,,,,,8.568537642,0.716605596
0.923487134,-1.882555926,,,,,,,,,,,,,,,,,8.400941039,-5.114298801
0.944363997,-0.806282723,,,,,,,,,,,,,,,,,8.593312791,-5.877956362
0.937202355,-1.308543551,,,,,,,,,,,,,,,,,,
0.9561199,-1.619466921,,,,,,,,,,,,,,,,,,
0.949566322,-1.691218467,,,,,,,,,,,,,,,,,,
0.9705952,-0.507317944,,,,,,,,,,,,,,,,,,
0.963822043,-0.734531176,,,,,,,,,,,,,,,,,,
0.969649323,-1.176999048,,,,,,,,,,,,,,,,,,
0.982030181,-1.547715374,,,,,,,,,,,,,,,,,,
0.981658586,-1.810804379,,,,,,,,,,,,,,,,,,
0.996421028,-0.495359353,,,,,,,,,,,,,,,,,,
0.98963098,-0.734531176,,,,,,,,,,,,,,,,,,
0.995863636,-0.889992861,,,,,,,,,,,,,,,,,,
0.995069774,-1.452046644,,,,,,,,,,,,,,,,,,
1.003008387,-0.399690624,,,,,,,,,,,,,,,,,,
1.001994947,-1.117206092,,,,,,,,,,,,,,,,,,
1.001319321,-1.595549738,,,,,,,,,,,,,,,,,,
1.01577773,-0.495359353,,,,,,,,,,,,,,,,,,
1.021993495,-0.662779629,,,,,,,,,,,,,,,,,,
1.014426477,-1.452046644,,,,,,,,,,,,,,,,,,
1.013548162,-2.073893384,,,,,,,,,,,,,,,,,,
1.034610822,-0.866075678,,,,,,,,,,,,,,,,,,
1.034019649,-1.284626368,,,,,,,,,,,,,,,,,,
1.041316416,-0.686696811,,,,,,,,,,,,,,,,,,
1.046113365,-1.858638743,,,,,,,,,,,,,,,,,,
1.054828949,-0.25618753,,,,,,,,,,,,,,,,,,
1.054018197,-0.830199905,,,,,,,,,,,,,,,,,,
1.060250852,-0.98566159,,,,,,,,,,,,,,,,,,
1.053680384,-1.069371728,,,,,,,,,,,,,,,,,,
1.059845476,-1.272667777,,,,,,,,,,,,,,,,,,
1.07288507,-1.176999048,,,,,,,,,,,,,,,,,,
1.079083944,-1.356377915,,,,,,,,,,,,,,,,,,
1.078881256,-1.499881009,,,,,,,,,,,,,,,,,,
1.10053509,0.126487387,,,,,,,,,,,,,,,,,,
1.099099383,-0.889992861,,,,,,,,,,,,,,,,,,
1.091583037,-1.643384103,,,,,,,,,,,,,,,,,,
1.106750854,-0.040932889,,,,,,,,,,,,,,,,,,
1.126377808,0.150404569,,,,,,,,,,,,,,,,,,
1.118337851,-0.973702999,,,,,,,,,,,,,,,,,,
1.118202726,-1.069371728,,,,,,,,,,,,,,,,,,
1.139569417,0.353700619,,,,,,,,,,,,,,,,,,
1.138133711,-0.662779629,,,,,,,,,,,,,,,,,,
1.146511481,0.700499762,,,,,,,,,,,,,,,,,,
1.152203635,0.16236316,,,,,,,,,,,,,,,,,,
1.145633166,0.078653022,,,,,,,,,,,,,,,,,,
1.14522779,-0.208353165,,,,,,,,,,,,,,,,,,
1.145025102,-0.351856259,,,,,,,,,,,,,,,,,,
1.166189106,0.927712994,,,,,,,,,,,,,,,,,,
1.165648605,0.545038077,,,,,,,,,,,,,,,,,,
1.172320418,0.700499762,,,,,,,,,,,,,,,,,,
1.186035638,1.274512137,,,,,,,,,,,,,,,,,,
1.184988417,0.533079486,,,,,,,,,,,,,,,,,,